{
    "individual_balances": {
        "BTC/USDT": 250.0,
        "ETH/USDT": 250.0,
        "SOL/USDT": 248.50656204459375,
        "XRP/USDT": 250.0
    },
    "shared_profit_pool": 19.73189564859375,
    "current_seed": 1018.2384576931875,
    "BTC/USDT": {
        "vol": 3.0,
        "ts": 0.007,
        "profit": 0.01
    },
    "ETH/USDT": {
        "vol": 3.5,
        "ts": 0.01,
        "profit": 0.01
    },
    "SOL/USDT": {
        "vol": 3.8,
        "ts": 0.015,
        "profit": 0.01
    },
    "XRP/USDT": {
        "vol": 3.8,
        "ts": 0.007,
        "profit": 0.01
    },
    "peak_equity": 1000.0
}